{
  "RandomSeed": "",
  "IsHardcore": false,
  "Difficulty": 0,
  "educationFeaturesEnabled": false,
  "commandblockoutput": false,
  "commandblocksenabled": false,
  "functioncommandlimit": 10000,
  "maxcommandchainlength": 65535,
  "sendcommandfeedback": false,
  "dodaylightcycle": false,
  "doweathercycle": false,
  "randomtickspeed": 1,
  "doinsomnia": false,
  "keepinventory": false,
  "doimmediaterespawn": false,
  "naturalregeneration": false,
  "mobgriefing": false,
  "pvp": false,
  "playerssleepingpercentage": 100,
  "spawnradius": 10,
  "data_driven_biomes": false,
  "experimental_creator_cameras": false,
  "gametest": false,
  "jigsaw_structures": false,
  "upcoming_creator_features": false,
  "villager_trades_rebalance": false
}