[
  {
    "pack_id": "bfe9818a-9c2c-40b5-81a7-8e43f393ae69",
    "version": [
      1,
      0,
      2
    ]
  },
  {
    "pack_id": "9d61a8df-7d50-4624-8bff-d2c90c52a5a0",
    "version": [
      3,
      1,
      8
    ]
  },
  {
    "pack_id": "b8bff6b0-417e-43fb-9451-d1d9d80c309f",
    "version": [
      3,
      1,
      8
    ]
  },
  {
    "pack_id": "708282c0-f100-4d10-9d85-4648ea473d1f",
    "version": [
      1,
      0,
      2
    ]
  },
  {
    "pack_id": "e29b7a91-7362-4b36-a4b9-2f68331c2258",
    "version": [
      1,
      2,
      5
    ]
  }
]