{
  "RandomSeed": "",
  "IsHardcore": false,
  "Difficulty": 2,
  "educationFeaturesEnabled": false,
  "commandblockoutput": true,
  "commandblocksenabled": false,
  "functioncommandlimit": 10000,
  "maxcommandchainlength": 65535,
  "sendcommandfeedback": true,
  "dodaylightcycle": true,
  "doweathercycle": true,
  "randomtickspeed": 1,
  "doinsomnia": true,
  "keepinventory": false,
  "doimmediaterespawn": false,
  "naturalregeneration": true,
  "mobgriefing": true,
  "pvp": true,
  "playerssleepingpercentage": 100,
  "spawnradius": 10,
  "data_driven_biomes": false,
  "experimental_creator_cameras": false,
  "gametest": false,
  "jigsaw_structures": false,
  "upcoming_creator_features": false,
  "villager_trades_rebalance": false
}
